{"cameraMode":{"drawMode":0,"name":"Shaded","section":"Shading Mode"},"sceneLighting":false,"audioPlay":false,"sceneViewState":{"m_AlwaysRefresh":false,"showFog":true,"showSkybox":false,"showFlares":true,"showImageEffects":true,"showParticleSystems":true,"showVisualEffectGraphs":true,"m_FxEnabled":true},"in2DMode":false,"pivot":{"x":-0.016146540641784669,"y":1.8666934967041016,"z":0.9176383018493652},"rotation":{"x":0.06269585341215134,"y":-0.8793004155158997,"z":0.12077359855175019,"w":0.45642805099487307},"size":1.2247449159622193,"orthographic":false}