{"cameraMode":{"drawMode":0,"name":"Shaded","section":"Shading Mode"},"sceneLighting":false,"audioPlay":false,"sceneViewState":{"m_AlwaysRefresh":false,"showFog":true,"showSkybox":true,"showFlares":true,"showImageEffects":true,"showParticleSystems":true,"showVisualEffectGraphs":true,"m_FxEnabled":true},"in2DMode":false,"pivot":{"x":-4.743486404418945,"y":7.760562419891357,"z":63.08570098876953},"rotation":{"x":-0.01499698031693697,"y":-0.017997030168771745,"z":-0.00026997359236702323,"w":0.9997255802154541},"size":41.413448333740237,"orthographic":false}